variable,bin,count,count_distr,good,bad,badprob,woe,bin_iv,total_iv,breaks,is_special_values
EMP_YEARS,"[-inf,1.0)",7704,0.23942567672561146,7542,162,0.02102803738317757,0.1260105251605706,0.004041586996200572,0.05483334715072351,1.0,False
EMP_YEARS,"[1.0,3.0)",5306,0.16490039469186066,5171,135,0.025442894836034676,0.3211102737886968,0.019910265254549347,0.05483334715072351,3.0,False
EMP_YEARS,"[3.0,13.5)",15413,0.47900674394754017,15153,260,0.016868876922078765,-0.09861531237414556,0.00444376292816141,0.05483334715072351,13.5,False
EMP_YEARS,"[13.5,inf)",3754,0.11666718463498772,3713,41,0.010921683537559936,-0.5393665197262834,0.026437731971812175,0.05483334715072351,inf,False
