variable,bin,count,count_distr,good,bad,badprob,woe,bin_iv,total_iv,breaks,is_special_values
FLAG_OWN_REALTY,"[-inf,1.0)",10580,0.3288062902072909,10334,246,0.02325141776937618,0.22879369483172188,0.01924805880831999,0.030486678201173067,1.0,False
FLAG_OWN_REALTY,"[1.0,inf)",21597,0.6711937097927091,21245,352,0.016298559985183127,-0.13358880920432573,0.011238619392853078,0.030486678201173067,inf,False
